# BUCKET 3, ONE LINE PER ROW: the page address of every read-direction
# still-GAP row that scripts/census_completion.py counts as "blocked on nothing
# at all", and what the SHIPPED read boundary says about that address.
#
# Method, the class definitions and every finding:
#     _audit/2026-09-23-bucket3-addresses.md
# Checked by scripts/check_read_addresses.py, which re-drives every address
# below through readonly.is_read_url and exits 1 on any disagreement, on any
# bucket-3 row with no line here, on any line for a row that has left the
# bucket, on any source (file, ::SYMBOL, census row) that no longer
# resolves, and -- since 2026-09-23 -- on any row blocked on nothing whose
# page a ruling holds (scripts/ruling_holds.py names those rulings and where
# each binds). census_completion.py counts the class column; it does not
# re-drive.
#
# is_read_url and refusal are MEASUREMENTS, re-taken on every check. Every
# other column is a JUDGEMENT, and each row names its source.
#
# EVERY VARIABLE SEGMENT IS A PLACEHOLDER -- placeholder-org, placeholder-school,
# placeholder-member, placeholder-newsletter, someone-else, 12345, 2-ABCdef123.
# The allowlist patterns accept a SHAPE, not a value, so no verdict depends on
# the value standing there, and no real identifier ever enters this file.
#
# class        ADMITTED | REFUSED | NO-ADDRESS | NEEDS-SESSION | UNDETERMINED
# basis        MEASURED  the address was seen served, or drawn on a live page
#                        or a capture
#              NAMED     written in code, a test, the census or an audit, and
#                        never observed served
#              INFERRED  constructed as representative, by a prior wave or
#                        this one; the row says which
# source_kind  code-symbol | test-fixture | census-prose | prior-audit
# refusal      the shipped refusal's kind, read off assert_read_url:
#              NO-PATTERN | FORBIDDEN[<substring>]+NO-PATTERN
#              | FORBIDDEN[<substring>]+PATTERN-WOULD-ADMIT
# gate         ADMITTED rows only: the first thing past the boundary --
#              READER | PRESS-PERMITTED | MEASURE | BUILT-UNFIRED | PRESS | RULING
#              | STANDING-RULING
#              RULING is a decision nobody has made. STANDING-RULING is one
#              that HAS been made and holds the page; the note cites it as
#              HELD BY `<ID>`. READER and PRESS-PERMITTED are "blocked on
#              nothing", and may never sit on a page a ruling holds.
# also_driven  other addresses the corpus names for the row, each re-driven:
#              <address>=><is_read_url> ; ...
slice	row	dir	class	address	basis	source_kind	source	is_read_url	refusal	gate	also_driven	note
P	A25	R	ADMITTED	https://www.linkedin.com/in/me/overlay/contact-info/	MEASURED	code-symbol	linkedin_server/dom.py::PROFILE_EDITOR_HREFS	True	-	MEASURE	https://www.linkedin.com/in/me/edit/intro/=>True	ADMITTED 2026-09-23 by lane L1, one anchored line, the /in/me/ form only, under PROFILE-EDITOR-ADDRESSES-ALLOWED: a NAVIGATION to the overlay, not the press the disclosing-press ruling refused. The link is drawn on his own profile (tracked profile_topcard fixtures, slug form) and named in dom.PROFILE_EDITOR_HREFS. Nothing has loaded it, so a live look comes first (live-lane key contact); any reader returns closed-vocabulary presence only -- no email, phone, website or birthday may cross back.
P	C8	R	ADMITTED	https://www.linkedin.com/in/me/	NAMED	prior-audit	_audit/2026-09-21-the-read-triage.md D4	True	-	RULING	-	D4: may this package create its own browser context. accept_downloads is a context-creation option and ATTACH mode never creates one; pinned by tests/test_profile_pdf_download_is_blocked_on_transport.py. The address carries no boundary cost.
P	D25	R	NEEDS-SESSION	-	-	census-prose	_audit/_census/profile.md row D25	-	-	n/a	-	Unknown: the href of the three 'Add section' anchors on /in/me/. A live probe measured them (rel same-host-path, path_depth 2, no ARIA disclosure) and drove their target through is_read_url, recording False with zero forbidden tokens -- but it recorded the boolean and deliberately never the address, and the census cell says the operator must name it. Not re-drivable offline.
P	D28	R	ADMITTED	https://www.linkedin.com/in/me/	MEASURED	prior-audit	_audit/2026-09-03-linkedin-gap-blockers.md Amendment C2	True	-	MEASURE	-	The phrase 'profile language' was measured rendering on /in/me/ (read half +0). IN-ME-NO-BLANKET-BAR (registered 2026-09-23) lifts the blanket bar on /in/me/ presses and judges each control on evidence, disclosure versus action, and this row has no control to judge: the reading found distinct_langs 1 and langs_other_than_document 0, and its measuring document says it does not prove a pressable control exists. A live look for the control comes first, and the press it needs is judged on what that look shows. press.check_basis still refuses /in/me/ with no_sensitivity_basis (measured in-process 2026-09-23): the shipped gate has not taken that ruling. MEASURE since 2026-09-23; was PRESS.
P	F1	R	ADMITTED	https://www.linkedin.com/in/me/	NAMED	code-symbol	scripts/_probe_profile_sections_live.py::PROFILE_URL	True	-	MEASURE	https://www.linkedin.com/in/me/details/recommendations/=>False	The detail address (also driven) is refused, so the route the repository pursues is the recommendations SECTION on the admitted profile, whose heading shape.PROFILE_SECTION_HEADINGS already lists among the profile's own sections. Its structure is UNMEASURED: four instruments failed their controls finding it (2026-09-19) and scroll is not sanctioned. recommendations.py (the name-free shaper) ships unwired. Corrects the read triage's ADDRESS/ABSENT, which priced only the detail spelling.
P	H11	R	ADMITTED	https://www.linkedin.com/in/me/	NAMED	prior-audit	_audit/2026-09-05-network-tail.md section 3	True	-	MEASURE	https://www.linkedin.com/in/me/details/services/=>False ; https://www.linkedin.com/services/page/=>False	The row is the section AS RENDERED ON THE PROFILE, so its page is /in/me/ (admitted); the two other spellings (also driven) are refused and serve the ten writes, not this read. Render gate unmeasured: nobody knows whether the section renders on a passive load. The read triage says the phrase sits in shape._TOPCARD_CHROME; measured, that set holds the 'add services' PROMPT, not the section, so no parser in the package reads the section either way. Corrects the read triage's ADDRESS/ABSENT, which priced the details spelling.
P	J4	R	ADMITTED	https://www.linkedin.com/in/me/	MEASURED	code-symbol	scripts/_probe_route_vs_surface.py::CANDIDATES (P J4)	True	-	MEASURE	-	The hiring state was sought behind the Open-to menu. Measured twice, fourteen days apart: hiring NAMED BUT INERT, the opener AMBIGUOUS, the menu holding three options and no state (read triage), whose record says 'the next step is still not a press'. IN-ME-NO-BLANKET-BAR (registered 2026-09-23) lifts the blanket bar on /in/me/ presses and judges each control on evidence; on this evidence the one press on record does not reach the state. What is unknown is where, and whether, the state renders on a passive load. press.check_basis still refuses /in/me/ with no_sensitivity_basis (measured in-process 2026-09-23). MEASURE since 2026-09-23; was PRESS.
P	K8	R	ADMITTED	https://www.linkedin.com/in/me/	MEASURED	prior-audit	_audit/2026-09-05-profile-rest.md	True	-	MEASURE	-	A reading exists at allowlist +0: top voice 0 in text AND 0 in accessible names, on an instrument shown able to disagree with itself. What remains is one live re-read to bank MEASURED-ABSENT (read triage 3.2), not a reader.
P	L1	R	ADMITTED	https://www.linkedin.com/analytics/creator/audience/	MEASURED	prior-audit	_audit/2026-09-20-the-live-capture.md 12.8	True	-	MEASURE	-	ADMITTED 2026-09-23 by lane L1, one anchored line, no query, no sub-path. Drawn on the admitted /analytics/creator/content/ as the analytics nav's 'Audience analytics' link (live capture 12.8 filed it as a candidate meeting the role-play standard). Nothing has loaded it: a live look first (live-lane key audience). The page is follower demographics -- aggregated other people -- so a reader owes census_shape plus census_redact_rare.
P	L2b	R	ADMITTED	https://www.linkedin.com/mynetwork/network-manager/people-follow/followers/	NAMED	code-symbol	scripts/_probe_network_tail_boundary.py (the follow-list candidate tagged N 44 / P L2b)	True	-	MEASURE	-	ADMITTED 2026-09-23 BY A REVIEW: COMMIT (lane L1): one anchored allowlist line plus a pattern exemption excusing /follow alone -- the network-tail spec, applied to the follower list only (the following list is N 38's and stays refused). NAMED, never seen drawn; the family is corroborated by LinkedIn's own bundle, which names the sibling people-follow/following namespace. It must be weighed against readonly.py's Manage-Pages stance -- leave the people list unread -- written about the FOLLOWING list (N 38, EXCLUDED-RULED on it). A live look first (live-lane key followers, badge bracketed). The page is a list of people: counts and relations only.
P	L4	R	NEEDS-SESSION	-	-	code-symbol	linkedin_server/readonly.py (newsletters entry comment)	-	-	n/a	https://www.linkedin.com/newsletters/placeholder-newsletter/analytics/=>False ; https://www.linkedin.com/analytics/creator/newsletters/=>False ; https://www.linkedin.com/analytics/newsletter/=>False	Unknown: which address serves newsletter analytics. The shipped boundary says so itself: the per-newsletter spelling is UNMEASURED, the page listing his newsletters links no analytics address, and the row is waiting on a LIVE READ that establishes which address serves. Every candidate the corpus names is driven below and refuses, but a client-side tab on an admitted analytics page is not excluded.
P	L7	R	REFUSED	https://www.linkedin.com/creator-hub/	NAMED	prior-audit	_audit/2026-09-20-the-live-capture.md 12.9	False	NO-PATTERN	n/a	https://www.linkedin.com/analytics/creator/content/=>True	The creator hub's address. The classifier's other candidate (also driven, admitted) was adjudicated NOT the hub: that page's source carries creator-hub 0 times and draws no creator/hub/mode/tools words. L1 2026-09-23: LEFT REFUSED. /creator-hub/ is NAMED only: no capture on disk draws it, the analytics page carries 'creator-hub' zero times, and the live capture's own record says this surface needs a ruling, then an entry, then a load, in that order.
P	L8	R	ADMITTED	https://www.linkedin.com/dashboard/	MEASURED	code-symbol	linkedin_server/readonly.py (the /dashboard/ entry: P L8, drawn as 'Show all analytics')	True	-	MEASURE	https://www.linkedin.com/analytics/=>False ; https://www.linkedin.com/creator-hub/=>False	THE HUB IS /dashboard/, AND THE TIE IS LINKEDIN'S OWN WORDS, not an inference: the tracked profile_topcard_hydrated fixture draws it as a link named 'Show all analytics', and the analytics nav on /analytics/creator/content/ draws it as 'Overview'. ADMITTED 2026-09-23 by lane L1, one anchored line; the tree root /analytics/ and /creator-hub/ (also driven) stay refused. Nothing has loaded it: a live look first (live-lane key overview). Replaces the INFERRED /analytics/ this row carried.
P	M11	R+W	REFUSED	https://www.linkedin.com/resume-builder/	INFERRED	code-symbol	scripts/classify_surface_blockers.py::SURFACE_ADDRESSES (the resume-tools entry)	False	NO-PATTERN	n/a	-	The only address the corpus names, and its own module calls the table a CLAIM, not a derivation. No pattern among the 42 names any resume path, and the capture of the admitted /premium/my-premium/ draws resume/cv/builder 0 times (live capture 12.10). Entitlement unverified. L1 2026-09-23: LEFT REFUSED. The address is inferred and nothing draws it (the premium hub draws resume/cv/builder 0 times), and a builder is a composer-class surface that may autosave.
P	M12	R	REFUSED	https://www.linkedin.com/jobs/application-settings/	INFERRED	prior-audit	_audit/2026-09-21-the-read-triage.md section 5	False	FORBIDDEN[/jobs/application]+NO-PATTERN	n/a	-	Inferred from the sibling row M1 (the recheck tsv marks it SYNTHETIC-REPRESENTATIVE). Refused by the FIRST forbidden substring; reopening it is the operator's (row M1). Whether AI resume feedback renders on an admitted job posting is unmeasured. L1 2026-09-23: LEFT REFUSED. /jobs/application is the forbidden list's FIRST entry, written to stop applying; the address is inferred, and reopening that entry is the operator's (row M1). A carve-out needs a served spelling first.
P	O23	R	NO-ADDRESS	-	-	census-prose	_audit/_census/profile.md row O23	-	-	n/a	-	Derives from a profile WRITE: whether a photo, banner or headline change notifies the network is observed on OTHER accounts after the act, not on any page of his. Measurable only by firing a profile write and watching another account; writes_enabled is False.
P	S1	R	REFUSED	https://www.linkedin.com/in/me/details/featured/	INFERRED	prior-audit	_audit/2026-09-23-completeness-probe.md	False	NO-PATTERN	n/a	-	Drawn on the member's own profile as the Featured card's detail link, in the slug form; the /in/me/ spelling is inferred. Refused with no pattern while sibling /details/ pages are read.
P	S3	R	REFUSED	https://www.linkedin.com/in/me/skill-insights/placeholder-skill/	INFERRED	prior-audit	_audit/2026-09-23-completeness-probe.md	False	NO-PATTERN	n/a	-	Linked from each skill card on the member's own skills page (tracked fixture tests/fixtures/profile_skills.html); the /in/me/ spelling and the skill segment are inferred. Refused with no pattern.
P	S5	R	ADMITTED	https://www.linkedin.com/analytics/search-appearances/	MEASURED	census-prose	_audit/_census/profile.md row S5	True	-	READER	-	The two cards (impressions on one experience entry, recent clicks on a section) are drawn without a press on a page linkedin_search_appearances already loads (captured 2026-09-20). A reader for two cards; the company the first names is an employer and must not be published.
M	M9	R	UNDETERMINED	-	-	prior-audit	_audit/2026-09-20-the-live-capture.md 12.3-12.4	-	-	n/a	https://www.linkedin.com/messaging/=>True	No committed source names a message-requests address. The only admitted messaging address (also driven) redirects INTO one thread LinkedIn chooses and drew no requests entry point (requests 0, message request 0, against focused/unread/starred 1 each); none of the seven sanctioned filter pills is a requests pill. That wave ruled further browser loads useless here: what is missing is an address that LISTS conversations, which is desk work.
M	M28	R+W	UNDETERMINED	-	-	prior-audit	_audit/2026-09-20-the-live-capture.md 12.3-12.4	-	-	n/a	https://www.linkedin.com/messaging/=>True	Same hole as M9 for the VIEW half: archived 0 on the only admitted messaging address, no archive pill among the seven sanctioned, and no address lists conversations. The RESTORE half is a write.
M	M34	R	NEEDS-SESSION	-	-	census-prose	_audit/_census/messaging-and-content.md row M34	-	-	n/a	https://www.linkedin.com/messaging/?keywords=placeholder=>False	Unknown: whether LinkedIn addresses a message search by url at all. If it does, the admitted messaging pattern takes NO query group, so any query spelling refuses (a representative spelling, constructed here, is driven); if it is typing into the box, the press ruling refuses typing outright. Both branches are closed; which one is the real one is unestablished.
M	M49	R	ADMITTED	https://www.linkedin.com/messaging/thread/2-ABCdef123/	MEASURED	census-prose	_audit/_census/messaging-and-content.md row M49	True	-	READER	-	Was held by DO-NOT-OPEN-MESSAGING; lifted by the operator 2026-09-23 18:15 (his ruling (b), registered as WRITE-CLASS-B, lets this server open messaging; OWN-INBOX-READS-COVERED-BY-B puts reading his own inbox, threads included, under (b) with no per-fire go-ahead). For part of 2026-09-23 this line carried gate STANDING-RULING; it is READER again because the ruling that held the page no longer stands. The indicators live in a thread, and /messaging/ is measured to redirect into /messaging/thread/<id> (live capture 12.2). The row's own cell: blocked on a reader plus the cost of opening a thread, not on an address; linkedin_open_messaging already carries that cost for the thread LinkedIn lands on, and documents it (a read receipt may be seen). A reader confined to that landed thread adds no cost; one that CHOOSES a thread by id would be a new decision. Thread id is the synthetic from scripts/_probe_route_vs_surface.py.
M	C29	R	ADMITTED	https://www.linkedin.com/feed/update/urn:li:activity:12345/	INFERRED	code-symbol	scripts/_probe_route_vs_surface.py::CANDIDATES (one post, by permalink)	True	-	MEASURE	https://www.linkedin.com/feed/=>True	Choosing an order is SELECTING an option: a view switch, not a disclosure. VIEW-SWITCH-PRESS-RESTORED (registered 2026-09-23) now permits it when the view is restored and a before/after reading proves it; press.disclose closes by Escape and checks aria-expanded, so a restore-and-prove press is still to be built. MEASURED LIVE (the readers wave's zero-press /feed/ reading, 2026-09-23, its record read by lane L2): no comment-sort control on the feed's first render -- its one sort-class node is the feed-level sort -- and no per-post structure (0 item containers, 0 articles). The permalink, where comments render expanded, is admitted, and for HIS OWN posts it is addressable: linkedin_my_activity_items returned their keys live (M C41, 2026-09-23), as M C42's cell records; for anybody else's post no tool returns one. No capture records the control; the company-root capture's payload carries 380 commentSortOrder state keys. A capture of one of his own permalinks with comments comes first. A reader would return counts and relations only, under FEED-CONTENT-READ-RULING. MEASURE since 2026-09-23; lane L2 had left it PRESS (see _audit/2026-09-23-lane-l2-refused-presses.md).
M	C38	R	ADMITTED	https://www.linkedin.com/analytics/post-summary/urn:li:activity:12345/	MEASURED	census-prose	_audit/_census/messaging-and-content.md row C38	True	-	MEASURE	https://www.linkedin.com/analytics/creator/content/=>True	ADMITTED 2026-09-23 by lane L1: one post's analytics, by its ACTIVITY urn only, closed [0-9]{1,20} digits. The impressions half of this row is now read ELSEWHERE -- linkedin_creator_analytics' per_post field, off the page that already opens (banked as P G6). What keeps this row GAP is the viewer-demographics half, which lives on the per-post page nothing has loaded: a live look first (live-lane key post_summary, with a post id taken from linkedin_my_activity_items), and a reader owes census_shape plus census_redact_rare.
M	C39	R	REFUSED	https://www.linkedin.com/analytics/creator/content/?metricType=x	NAMED	test-fixture	tests/test_analytics_creator_boundary.py (MUST-REFUSE)	False	NO-PATTERN	n/a	-	Tied to this row by the 2026-09-19 read-rows wave (5.1): the comments metric needs ?metricType=. LinkedIn selects a metric that way (chart_labels.py), and the admitted pattern has no query group -- readonly.py states why -- so the comments metric is unreachable at any value; the fixture's value is driven. Same tool and surface as C38, fired live. L1 2026-09-23: LEFT REFUSED. The only metricType value drawn anywhere on disk is IMPRESSIONS -- the default view, already served bare. The comments token has never been drawn, and the jobs-tracker precedent admits a query value only once it is read off an anchor.
M	C48	R	ADMITTED	https://www.linkedin.com/in/me/recent-activity/articles/	NAMED	census-prose	_audit/_census/messaging-and-content.md row C48	True	-	MEASURE	https://www.linkedin.com/pulse/=>False	ADMITTED 2026-09-23 by lane L1 ON A NAMED BASIS, the /in/me/ form only -- the one L1 admission no capture draws (his profile draws the parent /recent-activity/all/ as 'Show all posts'). Admitted on the interests / job-alerts precedent: a self-owned address opened once to learn whether LinkedIn serves it; if it redirects, the line widens nothing. /pulse/ (also driven) stays refused. A live look first (live-lane key articles).
M	C70	R	REFUSED	https://www.linkedin.com/search/results/content/	NAMED	census-prose	_audit/_census/messaging-and-content.md row C70	False	NO-PATTERN	n/a	https://www.linkedin.com/search/results/groups/=>False	Both spellings of this capability's address refuse (row cell, re-measured 2026-09-21). D2 (widen the search admission past people) plus a per-group address; doubly gated. L1 2026-09-23: LEFT REFUSED. Needs D2 AND D1: content search is a keyword search, so a vertical admitted without a keyword ruling buys no row.
M	C83	R	NEEDS-SESSION	-	-	code-symbol	linkedin_server/readonly.py (newsletters entry comment)	-	-	n/a	https://www.linkedin.com/newsletters/placeholder-newsletter/analytics/=>False ; https://www.linkedin.com/analytics/creator/newsletters/=>False ; https://www.linkedin.com/analytics/newsletter/=>False	Same unknown as P L4: which address serves newsletter analytics. readonly.py names this row by id and says it waits on a LIVE READ, not on an allowlist line. census_completion.RULING_BLOCKED_NAMED listed it under D3 (a reasoned allowlist refusal) until 2026-09-23 and no longer does: the shipped comment says the refused spelling was never observed served, so D3 answered either way leaves this row waiting on that live read.
M	C85	R+W	ADMITTED	https://www.linkedin.com/feed/update/urn:li:activity:12345/	NAMED	census-prose	_audit/_census/messaging-and-content.md row C85	True	-	RULING	-	The READ half is poll results, COUNTS on the post, under the feed-content ruling C43 and C74 rest on (counts and relations only). The address source is DECIDED (orchestrator-delegated, 2026-09-23): a poll post's address comes from tool arguments only, and only one of HIS OWN posts is used. NEEDS-TARGET since 2026-09-23 22:15: of the 8 items his profile's activity rail drew, none is a poll (0 poll-shaped nodes live; 0 poll-class nodes and 0 'N votes' phrases in the capture offline), so no target exists and no reader was built (_audit/2026-09-23-live-lane-session-1.md Entry 2). First past the boundary: a poll post of his, or a further call on whose polls may be read -- the gate stays RULING because both are decisions, not builds. UNVERIFIED and never captured: whether per-option results render before voting (a vote is an irreversible write).
M	M53	R	ADMITTED	https://www.linkedin.com/messaging/compose/	MEASURED	census-prose	_audit/_census/messaging-and-content.md row M53	True	-	READER	-	Presence indicators are drawn on the compose window's suggested recipients without a press (captured 2026-09-20), on a page linkedin_compose_fields already loads. Each indicator's accessible name carries the member's name, so a reader keys it to a caller-supplied thread and publishes a closed status word.
M	C93	R	REFUSED	https://www.linkedin.com/search/results/all/	MEASURED	census-prose	_audit/_census/messaging-and-content.md row C93	False	NO-PATTERN	n/a	https://www.linkedin.com/search/results/all/?keywords=%23hiring=>False	Drawn as hashtag links on posts; refused with no pattern, bare and with a hashtag keyword. The search admission covers four closed verticals since D2-SEARCH-VERTICALS-WIDENED (people, companies, groups, events), and all-results is not one of them. GAP AS WHO-WHICH-COUNTS-ARE-NOT-DELIVERY RULES as well (registered 2026-09-24; applied by lane Y2 at its integration): the payload is who and which a search finds. Blocker: the name-free shaper doctrine (_audit/2026-09-05-lead-rulings-round-two.md), pending the operator's question on returning names and titles at runtime. REOPENER: he rules that such reads may return them.
M	C95	R	REFUSED	https://www.linkedin.com/video/event/12345/	INFERRED	census-prose	_audit/_census/messaging-and-content.md row C95	False	NO-PATTERN	n/a	-	Drawn in a notification in the tracked notifications fixture; the id here is invented. Refused with no pattern.
M	C96	R	ADMITTED	https://www.linkedin.com/jobs/view/1234567890/	MEASURED	census-prose	_audit/_census/messaging-and-content.md row C96	True	-	PRESS	-	The badge was drawn on an image on a job posting (captured 2026-09-21); the posting page is admitted and linkedin_job_detail loads it. Opening the badge's panel is a disclosure press whose shape nobody has measured, so the gate is PRESS until it is.
M	C98	R	REFUSED	https://www.linkedin.com/news/story/placeholder-7654321/	INFERRED	census-prose	_audit/_census/messaging-and-content.md row C98	False	NO-PATTERN	n/a	-	Drawn in the right rail as news stories (the live lane's capture, 2026-09-23); the story segment here is invented. Refused with no pattern.
M	C99	R+W	REFUSED	https://www.linkedin.com/games/zip/	MEASURED	census-prose	_audit/_census/messaging-and-content.md row C99	False	NO-PATTERN	n/a	https://www.linkedin.com/games/mini-sudoku/=>False ; https://www.linkedin.com/games/patches/=>False ; https://www.linkedin.com/games/wend/=>False	Four games drawn in the right rail (the live lane's capture, 2026-09-23); every address refused with no pattern. READ HALF: the day's puzzle; WRITE HALF: playing it.
M	C101	R	REFUSED	https://www.linkedin.com/newsletters/1234567890/	INFERRED	census-prose	_audit/_census/messaging-and-content.md row C101	False	NO-PATTERN	n/a	-	Drawn from the subscribed-newsletters list (captured 2026-09-05); the id here is invented. Refused with no pattern; the boundary's newsletters entry waits on a live read of which address serves. GAP AS WHO-WHICH-COUNTS-ARE-NOT-DELIVERY RULES as well (registered 2026-09-24; applied by lane Y2 at its integration): the payload is which editions a newsletter holds. Blocker: the name-free shaper doctrine (_audit/2026-09-05-lead-rulings-round-two.md), pending the operator's question on returning names and titles at runtime. REOPENER: he rules that such reads may return them.
N	61	R	NEEDS-SESSION	-	-	prior-audit	_audit/2026-09-19-the-read-rows.md 5.3	-	-	n/a	https://www.linkedin.com/feed/following/=>False ; https://www.linkedin.com/feed/hashtag/=>False ; https://www.linkedin.com/in/me/details/interests/=>True	Unknown: where followed hashtags are drawn. /feed/following/ refuses on /follow and /feed/hashtag/ has no pattern; /in/me/details/interests/ is admitted but measured to redirect to the profile, and the Interests tabs were measured url-less radios on the COMPANIES tab only -- extending that to hashtags is inference. The two candidates carry opposite verdicts, so the class waits on a look.
N	76	R	ADMITTED	https://www.linkedin.com/in/me/	MEASURED	census-prose	_audit/_census/network.md row 76	True	-	PRESS	-	One [aria-haspopup] and zero menus on /in/me/, so the follow link is behind a built-on-demand menu. The row's cell re-filed it 2026-09-21 as a RULING REQUEST for a SENSITIVITY_BASES entry; IN-ME-NO-BLANKET-BAR (registered 2026-09-23) answers it: no blanket bar on /in/me/, each control judged on evidence, disclosure versus action. On that evidence the trigger is a disclosure shape, one attribute-identified [aria-haspopup]. The shipped gate has not taken the ruling: press.check_basis still refuses /in/me/ with no_sensitivity_basis before anything is read (measured in-process 2026-09-23), so the row waits on press.py, a build, and then on a session -- no longer on a decision. PRESS, unchanged.
N	79	R	ADMITTED	https://www.linkedin.com/search/results/people/?keywords=placeholder	NAMED	code-symbol	linkedin_server/search_results.py::PEOPLE_SEARCH_URL	True	-	RULING	-	GATED RULING 2026-09-24 (lane S, at its integration) UNDER THE WHO RULE (the orchestrator's census call, 03:20): the reader is BUILT -- linkedin_people_search_shape(keywords=...) composes this address from the tool's arguments only (linkedin_server/people_search.py, D1-SEARCH-AS-READS) -- and it publishes COUNTS, while this row's payload is WHO: a person. Blocker: the name-free shaper doctrine (_audit/2026-09-05-lead-rulings-round-two.md: this server does not publish names), pending the operator's question on returning names at runtime. REOPENER: the operator rules that people reads may return who at runtime. PRIOR NOTE, KEPT: D1 is decided: D1-SEARCH-AS-READS (registered 2026-09-23, the orchestrator's delegated call) permits a search keyword as a read -- its value from the tool's arguments only, never one that identifies the operator, at most 5 test searches a session. The pattern admits the query SHAPE; the shipped tool takes no parameter by design, so what remains is a keyword-taking reader, which must answer the 8 of 11 ordinary keywords that trip a forbidden substring with the boundary's own refusal. READER since 2026-09-23; was RULING on D1.
N	80	R	ADMITTED	https://www.linkedin.com/search/results/people/	MEASURED	code-symbol	linkedin_server/search_results.py::PEOPLE_SEARCH_URL	True	-	BUILT-UNFIRED	-	Fired live 2026-09-21 (route half: 18 person_result anchors, landed where sent). The term 'people' read 0; the label-SHAPE reading that would settle it (dom.FILTER_PANEL_JS windowMatch / search_results.read_filters 'decorated') is BUILT and NOT FIRED.
N	81	R	ADMITTED	https://www.linkedin.com/search/results/people/	MEASURED	code-symbol	linkedin_server/search_results.py::PEOPLE_SEARCH_URL	True	-	BUILT-UNFIRED	-	Single-word term read 0, which cannot separate absent from decorated; the All-filters press is refused terminally. The label-SHAPE reading is BUILT and NOT FIRED.
N	82	R	ADMITTED	https://www.linkedin.com/search/results/people/	MEASURED	code-symbol	linkedin_server/search_results.py::PEOPLE_SEARCH_URL	True	-	RULING	-	Matched live (2, stably) and refused: an unscoped selector plus a textContent fallback, and nothing available tells a people filter from a jobs badge without reading the label, which this surface forbids.
N	86	R	ADMITTED	https://www.linkedin.com/search/results/people/	MEASURED	code-symbol	linkedin_server/search_results.py::PEOPLE_SEARCH_URL	True	-	PRESS	-	TERMINAL BY THIS ROUTE: the filter sits in the All-filters panel, whose control carries neither aria-expanded nor aria-haspopup nor an aria-label (measured live twice, _audit/2026-09-21-the-all-filters-press.md), so condition 2 refuses it for good and condition 3 refuses it independently (no basis can be declared for a surface made of other people). No people-search facet for this filter is on record: the query keys of every LinkedIn-authored people-search href in the 25 raw captures and 24 tracked fixtures are activelyHiring, activelyHiringForJobTitles, currentCompany, geoUrn, industry, keywords, origin, pastCompany and schoolFilter (lane L2, 2026-09-23). A spelling, if one exists, would be D1's, and its value a member id.
N	90	R	ADMITTED	https://www.linkedin.com/search/results/people/	MEASURED	code-symbol	linkedin_server/search_results.py::PEOPLE_SEARCH_URL	True	-	PRESS	-	TERMINAL BY THIS ROUTE: the filter sits in the All-filters panel, whose control carries neither aria-expanded nor aria-haspopup nor an aria-label (measured live twice, _audit/2026-09-21-the-all-filters-press.md), so condition 2 refuses it for good and condition 3 refuses it independently (no basis can be declared for a surface made of other people). No people-search facet for this filter is on record: the query keys of every LinkedIn-authored people-search href in the 25 raw captures and 24 tracked fixtures are activelyHiring, activelyHiringForJobTitles, currentCompany, geoUrn, industry, keywords, origin, pastCompany and schoolFilter (lane L2, 2026-09-23). A spelling, if one exists, would be D1's.
N	91	R	ADMITTED	https://www.linkedin.com/search/results/people/	MEASURED	code-symbol	linkedin_server/search_results.py::PEOPLE_SEARCH_URL	True	-	PRESS	-	TERMINAL BY THIS ROUTE: the filter sits in the All-filters panel, whose control carries neither aria-expanded nor aria-haspopup nor an aria-label (measured live twice, _audit/2026-09-21-the-all-filters-press.md), so condition 2 refuses it for good and condition 3 refuses it independently (no basis can be declared for a surface made of other people). No people-search facet for this filter is on record: the query keys of every LinkedIn-authored people-search href in the 25 raw captures and 24 tracked fixtures are activelyHiring, activelyHiringForJobTitles, currentCompany, geoUrn, industry, keywords, origin, pastCompany and schoolFilter (lane L2, 2026-09-23). A spelling, if one exists, would be D1's.
N	92	R	ADMITTED	https://www.linkedin.com/search/results/people/	MEASURED	code-symbol	linkedin_server/search_results.py::PEOPLE_SEARCH_URL	True	-	PRESS	-	TERMINAL BY THIS ROUTE: the filter sits in the All-filters panel, whose control carries neither aria-expanded nor aria-haspopup nor an aria-label (measured live twice, _audit/2026-09-21-the-all-filters-press.md), so condition 2 refuses it for good and condition 3 refuses it independently (no basis can be declared for a surface made of other people). No people-search facet for this filter is on record: the query keys of every LinkedIn-authored people-search href in the 25 raw captures and 24 tracked fixtures are activelyHiring, activelyHiringForJobTitles, currentCompany, geoUrn, industry, keywords, origin, pastCompany and schoolFilter (lane L2, 2026-09-23). A spelling, if one exists, would be D1's.
N	88	R	ADMITTED	https://www.linkedin.com/search/results/people/	MEASURED	code-symbol	linkedin_server/search_results.py::PEOPLE_SEARCH_URL	True	-	BUILT-UNFIRED	-	Single-word term read 0, which cannot separate absent from decorated; the label-SHAPE reading is BUILT and NOT FIRED (row cell, 2026-09-21).
N	89	R	ADMITTED	https://www.linkedin.com/search/results/people/	MEASURED	code-symbol	linkedin_server/search_results.py::PEOPLE_SEARCH_URL	True	-	BUILT-UNFIRED	-	Single-word term read 0, which cannot separate absent from decorated; the label-SHAPE reading is BUILT and NOT FIRED (row cell, 2026-09-21).
N	93	R	ADMITTED	https://www.linkedin.com/search/results/people/	MEASURED	code-symbol	linkedin_server/search_results.py::PEOPLE_SEARCH_URL	True	-	MEASURE	-	The label-SHAPE reading is built and unfired and would confirm the predicted decorated label without closing the row. The keyword question is decided -- D1-SEARCH-AS-READS (registered 2026-09-23) permits search keywords as reads, values from tool arguments only -- but a reader needs a spelling for the five fields the row names (first name, last name, title, company, school), and none is on record: the query keys of every LinkedIn-authored people-search href lane L2 read are activelyHiring, activelyHiringForJobTitles, currentCompany, geoUrn, industry, keywords, origin, pastCompany and schoolFilter, and a search of the repository for firstName=, lastName=, titleFreeText and schoolFreetext found none (2026-09-23; those four are guesses until a LinkedIn-authored href shows one). The All-filters press stays terminal. A live look that records the fielded spellings comes first. MEASURE since 2026-09-23; was RULING on D1.
N	95	R	NEEDS-SESSION	-	-	prior-audit	_audit/2026-09-19-the-unassigned-21.md section 1	-	-	n/a	https://www.linkedin.com/mypreferences/d/search-history=>False ; https://www.linkedin.com/jobs/search-history/=>False	Unknown: where the list of recent PEOPLE searches is drawn. The two history spellings the corpus names (driven) both refuse and neither is shown to draw this list; the census's own section 5 prices rows 79-96 on the people-search pattern plus a query builder, which is the RE-RUN half and is D1. Unrouted in the blocker map (UNASSIGNED).
N	99	R	REFUSED	https://www.linkedin.com/school/placeholder-school/people/	NAMED	code-symbol	scripts/_probe_route_vs_surface.py::CANDIDATES (a school's alumni tab)	False	NO-PATTERN	n/a	https://www.linkedin.com/school/placeholder-school/=>True	The root (also driven) is admitted; the alumni tab is refused by the school entry's anchor, in its own words, carrying zero forbidden substrings. D3-UNREGISTERED-REFUSAL-IS-NOT-A-RULING (orchestrator, 2026-09-24, delegated; lane R at its merge): the school entry's written refusal of the alumni tab is a question with its argument recorded, not a ruling, and MEMBER-ROSTERS-AS-BOUNDED-READS (orchestrator, 2026-09-24, delegated) answers it -- a school's People tab is a roster he can open himself. THE BOUNDARY ITSELF IS UNCHANGED: /school/<slug>/people/ is still refused today, so the row is GAP, blocked on an admission (under the ruling's five conditions) and a reader, and it leaves census_completion's RULING_BLOCKED_NAMED.
N	100	R	REFUSED	https://www.linkedin.com/school/placeholder-school/people/	NAMED	code-symbol	scripts/_probe_route_vs_surface.py::CANDIDATES (a school's alumni tab)	False	NO-PATTERN	n/a	-	Same tab and cause as row 99. Its second half, contacting alumni, is a write the direction cell does not show. L1 2026-09-23: LEFT REFUSED, as N 99: the alumni tab is a member roster refused by a written cause.
N	102	R	REFUSED	https://www.linkedin.com/company/placeholder-org/people/	NAMED	code-symbol	linkedin_server/readonly.py (company entry: /company/<x>/people/)	False	NO-PATTERN	n/a	https://www.linkedin.com/company/placeholder-org/=>True	A MEMBER ROSTER, refused 'by this anchor and by nothing else' (measured: zero forbidden substrings); the root is admitted. D3's cause. L1 2026-09-23: LEFT REFUSED. A member roster, refused by a written cause: the company entry puts it out of scope by the same ruling that put a group's roster out of scope by name.
N	104	R	REFUSED	https://www.linkedin.com/search/results/companies/	NAMED	census-prose	_audit/_census/network.md row 104	False	NO-PATTERN	n/a	-	D2: widen the search admission past the people vertical. The non-search half (company_page_url off a posting) already ships. L1 2026-09-23: LEFT REFUSED. Needs D2 AND D1: finding a Page by SEARCHING is a keyword search and no tool may pass a keyword until D1 is ruled; the vertical alone buys no row and would still owe a name-free shaper in the same commit.
N	132	R	ADMITTED	https://www.linkedin.com/analytics/search-appearances/	MEASURED	census-prose	_audit/_census/network.md row 132	True	-	RULING	https://www.linkedin.com/analytics/profile-views/=>True	Both sides of the switch are admitted and served by shipped tools; what is unbuilt is only the CONTROL. D6: do two addresses discharge a row named for a control.
N	133	R	ADMITTED	https://www.linkedin.com/analytics/profile-views/	MEASURED	census-prose	_audit/_census/network.md row 133	True	-	PRESS	-	Opening a filter is ALREADY permitted, and has been done: each viewer-filter pill is div[role=button][aria-expanded] wrapping a hidden checkbox, on a surface with a declared structural basis (lane L2), and the live readers wave opened all three under the gate the same evening -- permitted, closure verified, no counter moved (_audit/2026-09-23-readers-four-rows.md 3.0.1). Each reads as a filter form: 'show results' comes into view at the open moment, and nothing that arrived matched a viewer-category term. So this row's payload arrives only after APPLYING a filter, a view switch VIEW-SWITCH-PRESS-RESTORED (registered 2026-09-23) permits when the view is restored and a before/after reading proves it; the shipped gate refuses it as a submission and press.disclose cannot restore a selection, so the restore-and-prove press is a build, as for N 134 (that document, 9.1). Whether an opened pill carries per-option counts would need an occurrence-counting reading nobody has run. The page's only button[type=submit] belongs to a closed feedback dialog, not the filter bar. PRESS since the merge with the readers wave (2026-09-23); MEASURE for part of that evening, PRESS before it (see _audit/2026-09-23-lane-l2-refused-presses.md).
N	161	R	REFUSED	https://www.linkedin.com/search/results/groups/	NAMED	census-prose	_audit/_census/network.md row 161	False	NO-PATTERN	n/a	-	The groups entry's comment declines to inherit this address; D2. L1 2026-09-23: LEFT REFUSED. Needs D2 AND D1, as N 104: searching for groups by name is a keyword search.
N	172	R	ADMITTED	https://www.linkedin.com/search/results/people/?connectionOf=placeholder-member	NAMED	test-fixture	tests/test_the_search_shaper_emits_no_name.py::NAME_SHAPED_ROUTES	True	-	RULING	https://www.linkedin.com/in/placeholder-member/=>False	GATED RULING 2026-09-24 (lane S, at its integration) UNDER THE WHO RULE (the orchestrator's census call, 03:20): the reader is BUILT -- linkedin_people_search_shape(connections_of=...) composes this address, the member id from the tool's argument only, never echoed or stored (linkedin_server/people_search.py, OTHER-MEMBER-IDS-AS-READS) -- and it publishes COUNTS, while this row's payload is WHO: that member's connections. Blocker: the name-free shaper doctrine (_audit/2026-09-05-lead-rulings-round-two.md: this server does not publish names), pending the operator's question on returning names at runtime. REOPENER: the operator rules that people reads may return who at runtime. PRIOR NOTE, KEPT: A member's connection list is the people search with a connectionOf query, and that shape has been ADMITTED since 2026-09-20 (the pattern takes any query). The prior audits priced this row on the member's profile (also driven, refused) before the search admission landed. The question it was held on is decided: OTHER-MEMBER-IDS-AS-READS (registered 2026-09-23) permits another member's id in a search facet as a read when it comes from the tool's arguments, never from page content, and is never stored in a tracked file, and D1-SEARCH-AS-READS permits passing it. The spelling is named in a test and not seen LinkedIn-authored (lane L2), which a reader's first fire settles. READER since 2026-09-23; was RULING on D1 and D3's other-people cause.
N	174	R	ADMITTED	https://www.linkedin.com/groups/	MEASURED	code-symbol	linkedin_server/readonly.py (groups root entry: WHAT THIS SERVES ... N 174)	True	-	RULING	-	Read live: the root draws two sections, neither a pending-requests list, and an absent-when-empty section reads the same as a missing one. Observable only once a pending request exists, and creating one is a WRITE at a real group (filed RULING by the read triage).
N	177	R	REFUSED	https://www.linkedin.com/groups/12345/members/	NAMED	prior-audit	_audit/2026-09-19-the-read-rows.md section 5.2	False	NO-PATTERN	n/a	-	The read-rows wave tied this row to a group's member directory. linkedin_server/readonly.py refuses that roster by name -- as census row N 165, the row put out of scope for it -- and its groups root entry states the cause: a group's MEMBER DIRECTORY is other people and is 'not admitted here or anywhere.' D3-UNREGISTERED-REFUSAL-IS-NOT-A-RULING (orchestrator, 2026-09-24, delegated; lane R at its merge): that refusal, written only in readonly.py's groups entry, is a question with its argument recorded, not a ruling, and MEMBER-ROSTERS-AS-BOUNDED-READS (orchestrator, 2026-09-24, delegated) answers it. THE BOUNDARY ITSELF IS UNCHANGED: /groups/<id>/members/ is still refused today, so the row is GAP, blocked on an admission (under the ruling's five conditions) and a reader, and it leaves census_completion's RULING_BLOCKED_NAMED.
N	178	R	REFUSED	https://www.linkedin.com/in/someone-else/	NAMED	prior-audit	_audit/2026-09-19-the-read-rows.md section 5.2	False	NO-PATTERN	n/a	https://www.linkedin.com/in/someone-else/details/interests/=>False	The read-rows wave tied this row to another member's profile. A member's groups would sit on THEIR profile -- the interests tab, also driven, is this wave's inference of where, taken from a third-party interests literal scripts/_probe_newsletter_routes.py uses as a refusal control. Loading a third party's profile leaves them a durable record, the boundary's sharpest refusal, and PERMANENTLY_FORBIDDEN names the act (the pattern was removed on the operator's 2026-09-04 ruling). D3-UNREGISTERED-REFUSAL-IS-NOT-A-RULING (orchestrator, 2026-09-24, delegated; lane R at its merge): the row is GAP, blocked on an admission and a reader, and it leaves census_completion's RULING_BLOCKED_NAMED. ITS LIVE PROOF LOADS ANOTHER MEMBER'S PROFILE: any live check of this row shows LinkedIn which member he looked at, an act toward that person, so under OUTWARD-ACTS-NEED-THE-OPERATOR its live proof waits on a member the operator names.
N	179	R	REFUSED	https://www.linkedin.com/search/results/events/	NAMED	census-prose	_audit/_census/network.md row 179	False	NO-PATTERN	n/a	-	D2, plus the D1 parameter ruling (a keyword nothing on this surface accepts). L1 2026-09-23: LEFT REFUSED. Needs D2 AND D1, as N 104: an events search by keyword.
N	184	R	ADMITTED	https://www.linkedin.com/events/12345/	MEASURED	code-symbol	linkedin_server/readonly.py (events entry names N 184 at /events/<id>/)	True	-	MEASURE	https://www.linkedin.com/events/=>True	ADMITTED 2026-09-23 BY A REVIEW: COMMIT (lane L1): one event by its NUMERIC id, [0-9]{1,20}, under the four conditions the lead set for /groups/<id>/. LinkedIn draws the numeric form itself (the captured events root links events both ways); the slug form -- a title run into the id -- stays refused. No event page was ever captured: a live look first (live-lane key event, with an event id the operator shares, which is the row's own premise).
N	194	R	ADMITTED	https://www.linkedin.com/search/results/people/?keywords=%23hiring	NAMED	census-prose	_audit/_census/network.md row 194	True	-	RULING	https://www.linkedin.com/feed/hashtag/hiring/=>False	GATED RULING 2026-09-24 (lane S, at its integration) UNDER THE WHO RULE (the orchestrator's census call, 03:20): the reader is BUILT -- linkedin_people_search_shape(keywords='#hiring') composes exactly this address from the tool's arguments only (linkedin_server/people_search.py, D1-SEARCH-AS-READS) -- and it publishes COUNTS, while this row's payload is WHO: hiring managers. Blocker: the name-free shaper doctrine (_audit/2026-09-05-lead-rulings-round-two.md: this server does not publish names), pending the operator's question on returning names at runtime. REOPENER: the operator rules that people reads may return who at runtime. PRIOR NOTE, KEPT: The needle is a hashtag typed into a search, and D1-SEARCH-AS-READS (registered 2026-09-23) permits a search keyword as a read, from tool arguments only. What remains is a keyword-taking reader, as for N 79. The feed hashtag route (also driven) stays refused. READER since 2026-09-23; was RULING on D1.
N	195	R	ADMITTED	https://www.linkedin.com/analytics/recruiter-views/	MEASURED	code-symbol	linkedin_server/readonly.py (the recruiter-views entry, premium-four 2026-09-20)	True	-	READER	-	Bare address admitted; the tracked profile-views fixture draws the link (with a timeRange query the pattern refuses on purpose -- a caller navigates the bare address), and the live lane captured the page on 2026-09-23. WHO-WHICH-COUNTS-ARE-NOT-DELIVERY does not hold it (lane Y2's integration, 2026-09-24): the page names no member, and each recruiter viewer is drawn as a company, an industry and a time -- an AGGREGATE a count-and-aggregate reader delivers. That reader publishes the counts, the chart series and those aggregates, and names nobody.
N	197	R	ADMITTED	https://www.linkedin.com/groups/12345/	MEASURED	census-prose	_audit/_census/network.md row 197	True	-	PRESS	-	The control sits in the group page's own menu (captured 2026-09-05), behind a press; the group page is admitted. Whether a link composed from the group id discharges the row is an open question under the D6 capability-over-affordance ruling.
N	199	R	REFUSED	https://www.linkedin.com/premium/matches/	MEASURED	census-prose	_audit/_census/network.md row 199	False	NO-PATTERN	n/a	-	Linked from a notification offering networking suggestions (the live lane's capture of /notifications/, 2026-09-23). Refused with no pattern; the list is of other people. GAP AS WHO-WHICH-COUNTS-ARE-NOT-DELIVERY RULES as well (registered 2026-09-24; applied by lane Y2 at its integration): the payload is the people suggested. Blocker: the name-free shaper doctrine (_audit/2026-09-05-lead-rulings-round-two.md), pending the operator's question on returning names and titles at runtime. REOPENER: he rules that such reads may return them.
N	A3	R	REFUSED	https://www.linkedin.com/company/placeholder-org/admin/following/	NAMED	prior-audit	_audit/2026-09-20-admin-rights-ready.md (A3)	False	FORBIDDEN[/follow]+NO-PATTERN	n/a	https://www.linkedin.com/company/placeholder-org/admin/page-following/=>False	Refused on /follow before the allowlist; the alternative spelling (also driven) carries no forbidden substring and is refused by the anchor alone, so the gate's grip depends on the spelling LinkedIn serves. Precondition unmeasured: whether he administers any Page. L1 2026-09-23: LEFT REFUSED. The spelling is named, never observed, and whether he administers any Page is unmeasured; a carve-out needs both first, then allowlist +1 and a pattern exemption for /follow alone.
N	A5	R	REFUSED	https://www.linkedin.com/company/placeholder-org/admin/	INFERRED	code-symbol	linkedin_server/company_page.py (admin_surface: /company/<x>/admin/)	False	NO-PATTERN	n/a	https://www.linkedin.com/company/placeholder-org/admin/invite/=>False	The credit-balance sub-path is unrecorded; the census cell says /invite, and the recheck tsv's synthetic spelling of that claim is driven too. Every spelling under the admin root refuses, because the company pattern admits the root only. Precondition unmeasured, as A3. L1 2026-09-23: LEFT REFUSED. The credit-balance sub-path is unrecorded, admin rights are unmeasured, and the admin root is Page administration, which the company entry names as defended by nothing if a family pattern reached it.
M	C14	R	NEEDS-SESSION	-	-	census-prose	_audit/_census/messaging-and-content.md row C14	-	-	n/a	-	Unknown: the address of the scheduled-posts list. Returned to GAP 2026-09-23 by lane R (2026-09-23-exclusion-returns.md s3.2), on the orchestrator's delegated call, not a new ruling: no link from the composer reaches the scheduled list (publish_post's verification caveat in writes.py names seven links, none to a posted or scheduled list), the list's address is unmeasured, and the Schedule-post modal has never been opened. Not re-drivable offline.
M	C42	R	ADMITTED	https://www.linkedin.com/feed/update/urn:li:activity:12345/	NAMED	census-prose	_audit/_census/messaging-and-content.md row C42	True	-	MEASURE	-	SINCE 2026-09-23 THE ROW HOLDS FOR OTHER PEOPLE'S POSTS ONLY: for his own posts, linkedin_my_activity_items returned eight urn:li:activity:<digits> keys live (authorship proven on all three COVERED-PROVEN conditions, _audit/2026-09-23-bucket1-fires.md FIRE 1), and the permalink those keys build, /feed/update/<urn>/, is admitted. That half now waits only on a live open of one of his own permalinks -- the same live capture M C29's row is waiting on, not on a ruling or a press. For anybody else's post no reader in this server hands out an item key; /feed/ draws zero item permalinks (the tool's own docstring). RETURNED TO GAP BY LANE R AT ITS MERGE, 2026-09-24 (2026-09-23-exclusion-returns.md s2.1 and its Integration 2026-09-24 section): an explicit decision on the achievable surface, not a new ruling. Gate judged MEASURE rather than READER here: the live-open step is what M C29's own row (already in this table) names as its blocker for the same permalink family, and nothing in this row's cell shows that step has since been taken.
M	C43	R	ADMITTED	https://www.linkedin.com/feed/update/urn:li:activity:12345/	NAMED	census-prose	_audit/_census/messaging-and-content.md row C43	True	-	RULING	-	/feed/update/<urn>/ is on the allowlist and linkedin_surface_census reduces every name to a SHAPE, so the permalink is readable and its content is not. BLOCKER, NAMED: FEED-CONTENT-READ-RULING (lead, 2026-09-05, registered) reads feed content as counts and relations only, built into linkedin_server/feed.py's own signature (no public callable returns any substring of its input). A post's text is the exact payload that ruling forbids, and the operator has never ruled that it may cross the boundary, shaped. Bound to a live assertion by tests/test_c43_rests_on_the_feed_content_ruling.py. RETURNED TO GAP 2026-09-23 BY LANE R (2026-09-23-exclusion-returns.md s3.4), on the orchestrator's delegated call, not a new ruling.
M	C47	R+W	REFUSED	https://www.linkedin.com/pulse/drafts/	NAMED	census-prose	_audit/_census/messaging-and-content.md row C47	False	NO-PATTERN	n/a	https://www.linkedin.com/drafts/=>False ; https://www.linkedin.com/content/drafts/=>False	All three spellings the row's own cell and finish.md name -- /pulse/drafts/, /drafts/, /content/drafts/ -- refuse by allowlist silence alone; no forbidden substring fires on any of them. RETURNED TO GAP 2026-09-23 BY LANE R (2026-09-23-exclusion-returns.md s2.1), on the orchestrator's delegated call, not a new ruling: no reader and no WriteSpec for the manage/duplicate write half either.
N	9	R	REFUSED	https://www.linkedin.com/mynetwork/invitation-manager/	NAMED	census-prose	_audit/_census/network.md row 9	False	FORBIDDEN[invitation]+NO-PATTERN	n/a	-	The Sent tab lives under this root per the row's own cell. The substring "invitation" fires before the allowlist is even consulted; no pattern admits the root either. Ruling (b) of 2026-09-23 withdrew the SENDING purpose the substring exists for, but the code carrying it is unchanged. RETURNED TO GAP 2026-09-23 BY LANE R (2026-09-23-exclusion-returns.md s2.2), on the orchestrator's delegated call, not a new ruling: no reader, and a /mynetwork/ sub-page load needs the before-and-after badge gate linkedin_connections already carries.
N	11	R	REFUSED	https://www.linkedin.com/mynetwork/invitation-manager/	NAMED	census-prose	_audit/_census/network.md row 11	False	FORBIDDEN[invitation]+NO-PATTERN	n/a	-	Same address and cause as row 9: the Page-follow Sent tab lives under this root, "invitation" fires before the allowlist, and no pattern admits the root either. RETURNED TO GAP 2026-09-23 BY LANE R (2026-09-23-exclusion-returns.md s2.2), on the orchestrator's delegated call, not a new ruling.
N	13	R	REFUSED	https://www.linkedin.com/mynetwork/invitation-manager/	NAMED	census-prose	_audit/_census/network.md row 13	False	FORBIDDEN[invitation]+NO-PATTERN	n/a	-	The received-invitations manager lives at this root per the row's own cell. "invitation" fires before the allowlist; no pattern admits the root. R1's badge-cost objection to the wider /mynetwork/ surface is a second, separate blocker this address does not resolve either way, and NOTIFICATIONS-UNREAD-SPEND (2026-09-23) permits clearing his own unread badge but does not admit this page. RETURNED TO GAP 2026-09-23 BY LANE R (2026-09-23-exclusion-returns.md s3.1), on the orchestrator's delegated call, not a new ruling: no reader.
N	14	R	REFUSED	https://www.linkedin.com/mynetwork/invitation-manager/	NAMED	census-prose	_audit/_census/network.md row 14	False	FORBIDDEN[invitation]+NO-PATTERN	n/a	-	Same address and cause as row 13: filtering received invitations by type happens on the invitation manager, which "invitation" refuses before the allowlist. RETURNED TO GAP 2026-09-23 BY LANE R (2026-09-23-exclusion-returns.md s3.1), on the orchestrator's delegated call, not a new ruling.
N	19	R	REFUSED	https://www.linkedin.com/mynetwork/invitation-manager/	NAMED	census-prose	_audit/_census/network.md row 19	False	FORBIDDEN[invitation]+NO-PATTERN	n/a	-	Same address and cause as row 13: the personal note on a received invitation renders on the invitation manager, which "invitation" refuses before the allowlist. RETURNED TO GAP 2026-09-23 BY LANE R (2026-09-23-exclusion-returns.md s3.1), on the orchestrator's delegated call, not a new ruling.
N	22	R	NEEDS-SESSION	-	-	census-prose	_audit/_census/network.md row 22	-	-	n/a	-	Unknown: the specific address of the post-accept "Connections You May Know" suggestions. The row's cell names only the general R1 badge-cost ruling over "the /mynetwork/ surface", not a page for this capability; no committed source spells one.
N	24	R	REFUSED	https://www.linkedin.com/mynetwork/invite-connect/connections/?foo=1	INFERRED	code-symbol	linkedin_server/readonly.py (connections-list pattern exemption comment: any query string refuses, its own example is ?foo=1)	False	FORBIDDEN[/invite]+NO-PATTERN	n/a	https://www.linkedin.com/mynetwork/invite-connect/connections/=>True	The row's cell says sort is a query variant of the bare connections list. readonly.py's own exemption comment for that list states plainly: "any query string. The pattern ends at the optional slash, so ?foo=1 refuses." The anchored admission and its /invite plus /connect exemption both stop at the bare address, so any query variant loses the exemption and refuses on /invite, whatever the query says.
N	25	R	REFUSED	https://www.linkedin.com/mynetwork/invite-connect/connections/?foo=1	INFERRED	code-symbol	linkedin_server/readonly.py (connections-list pattern exemption comment: any query string refuses, its own example is ?foo=1)	False	FORBIDDEN[/invite]+NO-PATTERN	n/a	https://www.linkedin.com/mynetwork/invite-connect/connections/=>True	Same cause as row 24: searching connections by name is a query variant of the bare list, refused the same way regardless of the query.
N	26	R	REFUSED	https://www.linkedin.com/mynetwork/invite-connect/connections/?foo=1	INFERRED	code-symbol	linkedin_server/readonly.py (connections-list pattern exemption comment: any query string refuses, its own example is ?foo=1)	False	FORBIDDEN[/invite]+NO-PATTERN	n/a	https://www.linkedin.com/mynetwork/invite-connect/connections/=>True	Same cause as row 24: filtering by location, company, school or industry is a query variant of the bare list, refused the same way regardless of the filter.
N	27	R	REFUSED	https://www.linkedin.com/mynetwork/invite-connect/connections/?foo=1	INFERRED	code-symbol	linkedin_server/readonly.py (connections-list pattern exemption comment: any query string refuses, its own example is ?foo=1)	False	FORBIDDEN[/invite]+NO-PATTERN	n/a	https://www.linkedin.com/mynetwork/invite-connect/connections/=>True	Same cause as row 24: filtering by "Talks about" is a query variant of the bare list, refused the same way regardless of the filter.
N	28	R	REFUSED	https://www.linkedin.com/mynetwork/invite-connect/connections/?foo=1	INFERRED	code-symbol	linkedin_server/readonly.py (connections-list pattern exemption comment: any query string refuses, its own example is ?foo=1)	False	FORBIDDEN[/invite]+NO-PATTERN	n/a	https://www.linkedin.com/mynetwork/invite-connect/connections/=>True	Same cause as row 24: filtering by "Open to" is a query variant of the bare list, refused the same way regardless of the filter.
N	32	R	NEEDS-SESSION	-	-	census-prose	_audit/_census/network.md row 32	-	-	n/a	-	Unknown: the specific address of the Contacts page (imported contacts). The row's cell names only the general R1 badge-cost ruling over "the /mynetwork/ surface", not a page for this capability; no committed source spells one.
N	38	R	REFUSED	https://www.linkedin.com/mynetwork/network-manager/people-follow/following/	NAMED	census-prose	_audit/_census/network.md row 38	False	FORBIDDEN[/follow]+NO-PATTERN	n/a	-	The row's cell and readonly.py's own comment both name this address for the people he follows; it carries the substring /follow and is refused before the allowlist, which does not admit it either. readonly.py calls the sibling company-list's admission "luck, not design" and asks that the filter never be shortened for this list; an exact-url exemption, as the connections list has, is the route (lane L1's file, for the FOLLOWERS list only -- this is the FOLLOWING list and stays out). RETURNED TO GAP 2026-09-23 BY LANE R (2026-09-23-exclusion-returns.md s3.4), on the orchestrator's delegated call, not a new ruling.
N	39	R	REFUSED	https://www.linkedin.com/mypreferences/d/unfollowed	MEASURED	census-prose	_audit/_census/network.md row 39	False	FORBIDDEN[/unfollow]+NO-PATTERN	n/a	-	Address found live and written down in the row's own cell. /unfollow is on the forbidden-substring list and fires before the allowlist, which does not admit it either. EXCLUDED-RULED 2026-09-19 by propagation from the settings-family ruling (R11); the row's note recorded the ruling's premise without weighing its own scope. RETURNED TO GAP 2026-09-23 BY LANE R (2026-09-23-exclusion-returns.md s4), on the orchestrator's delegated call, not a new ruling: awaiting admission by name under ONE-NAMED-SETTINGS-PAGE-AT-A-TIME, which names none of these yet.
N	97	R	NEEDS-SESSION	-	-	census-prose	_audit/_census/network.md row 97	-	-	n/a	-	Unknown: the specific address of the "People You May Know" suggestions browse surface. The row's cell names only the general R1 badge-cost ruling over "the /mynetwork/ surface", not a page for this capability.
N	143	R	NEEDS-SESSION	-	-	census-prose	_audit/_census/network.md row 143	-	-	n/a	-	Unknown: which settings address carries the blocked-members list. The row's cell only says the settings family is closed until the operator names one page; no committed source spells this one's address.
N	165	R	REFUSED	https://www.linkedin.com/groups/12345/members/	NAMED	code-symbol	linkedin_server/readonly.py (groups root entry: THE MEMBER ROSTER -- census row N 165, out of scope by name)	False	NO-PATTERN	n/a	-	readonly.py names this row and this address verbatim as the member roster it deliberately does not admit; the groups allowlist covers only the root and the numeric-id and discover pages, never /members/. D3-UNREGISTERED-REFUSAL-IS-NOT-A-RULING (orchestrator, 2026-09-24, delegated; lane R at its merge): this 2026-09-05 refusal was an argument, not a ruling, and MEMBER-ROSTERS-AS-BOUNDED-READS (orchestrator, 2026-09-24, delegated) now admits a roster he can open himself under five conditions -- one page per call, the id from tool arguments only, no member's name or id stored in a tracked file, inside the live budget. THE BOUNDARY ITSELF IS UNCHANGED: /groups/<id>/members/ is still refused today, so the row is GAP, blocked on an admission (a pattern meeting those five conditions) and a reader, not on nothing.
N	188	R	REFUSED	https://www.linkedin.com/events/7777777777777777777/attendees/	NAMED	test-fixture	tests/test_the_events_boundary_is_root_only.py::EVENTS_DEEP_MUST_STAY_REFUSED	False	NO-PATTERN	n/a	-	The pinned test fixture names this exact address as the attendee list readonly.py's events entry excludes by name for this row; the events allowlist admits only the root. D3-UNREGISTERED-REFUSAL-IS-NOT-A-RULING and MEMBER-ROSTERS-AS-BOUNDED-READS (both orchestrator, 2026-09-24, delegated) apply as for N 165: the 2026-09-05 refusal was an argument, not a ruling, and a roster he can open himself is now admitted in principle under five bounded conditions. THE BOUNDARY ITSELF IS UNCHANGED -- this exact address is still pinned refused by tests/test_the_events_boundary_is_root_only.py -- so the row is GAP, blocked on an admission and a reader.
N	189	R	REFUSED	https://www.linkedin.com/events/7777777777777777777/attendees/?facetConnectionOf=1	NAMED	test-fixture	tests/test_the_events_boundary_is_root_only.py::EVENTS_DEEP_MUST_STAY_REFUSED	False	NO-PATTERN	n/a	https://www.linkedin.com/events/7777777777777777777/attendees/=>False	The pinned test fixture names this exact address: LinkedIn's own 1st-degree filter on the same attendee roster N 188 names. Filtering does not change the page; both spellings refuse the same way. As N 188: D3-UNREGISTERED-REFUSAL-IS-NOT-A-RULING and MEMBER-ROSTERS-AS-BOUNDED-READS (both orchestrator, 2026-09-24, delegated) answer the old refusal but do not themselves change the shipped boundary, so the row stays GAP, blocked on an admission and a reader.
P	D26	R	ADMITTED	https://www.linkedin.com/in/me/	NAMED	census-prose	_audit/_census/profile.md row D26	True	-	MEASURE	-	linkedin_my_profile's own docstring declines to read the strength meter; whether /in/me/ (admitted) still draws one at all is unmeasured, so a reader cannot yet be designed against a known render. RETURNED TO GAP 2026-09-23 BY LANE R (2026-09-23-exclusion-returns.md s2.1), on the orchestrator's delegated call, not a new ruling: a docstring that declines a field rules nothing out.
P	K1	R	ADMITTED	https://www.linkedin.com/in/me/	NAMED	census-prose	_audit/_census/profile.md row K1	True	-	READER	-	Not a setting: the row's own cell places the Verifications section on the admitted /in/me/ profile, under the same settings-family ruling as network R11 and messaging's MESSAGING-SETTINGS (3.10). No reader extracts it yet, and nothing else stands in the way. RETURNED TO GAP 2026-09-23 BY LANE R (2026-09-23-exclusion-returns.md s3.6), on the orchestrator's delegated call, not a new ruling.
P	M2	R	REFUSED	https://www.linkedin.com/jobs/application-settings/	NAMED	census-prose	_audit/_census/profile.md row M2	False	FORBIDDEN[/jobs/application]+NO-PATTERN	n/a	-	Same address as the sibling rows M4, M5 and M6, and as network census row P M12: /jobs/application refuses before the allowlist, which does not admit it either. RETURNED TO GAP 2026-09-23 BY LANE R (2026-09-23-exclusion-returns.md s2.2), on the orchestrator's delegated call, not a new ruling: the read-only server's first-commit fence existed for the apply cut and the read-only rule, both of which ruling (b) withdrew; no reader.
P	M4	R	REFUSED	https://www.linkedin.com/jobs/application-settings/	NAMED	census-prose	_audit/_census/profile.md row M4	False	FORBIDDEN[/jobs/application]+NO-PATTERN	n/a	-	Same address as M2: the row's cell says "same address"; /jobs/application refuses before the allowlist, which does not admit it either. RETURNED TO GAP 2026-09-23 BY LANE R (2026-09-23-exclusion-returns.md s2.2), on the orchestrator's delegated call, not a new ruling.
P	M5	R	REFUSED	https://www.linkedin.com/jobs/application-settings/	NAMED	census-prose	_audit/_census/profile.md row M5	False	FORBIDDEN[/jobs/application]+NO-PATTERN	n/a	-	Same address as M2: the row's cell says "same address"; /jobs/application refuses before the allowlist, which does not admit it either. RETURNED TO GAP 2026-09-23 BY LANE R (2026-09-23-exclusion-returns.md s2.2), on the orchestrator's delegated call, not a new ruling.
P	M6	R+W	REFUSED	https://www.linkedin.com/jobs/application-settings/	NAMED	census-prose	_audit/_census/profile.md row M6	False	FORBIDDEN[/jobs/application]+NO-PATTERN	n/a	-	Same address as M2: the row's cell says "same address"; /jobs/application refuses before the allowlist, which does not admit it either. RETURNED TO GAP 2026-09-23 BY LANE R (2026-09-23-exclusion-returns.md s2.2), on the orchestrator's delegated call, not a new ruling: no reader and no WriteSpec either side.
P	M9	R+W	REFUSED	https://www.linkedin.com/mypreferences/d/job-application-accounts	NAMED	census-prose	_audit/_census/profile.md row M9	False	FORBIDDEN[job-application]+NO-PATTERN	n/a	-	Address named in the row's own cell. Live-measured here rather than trusted: the cell calls this address "denylist-uncaught", but the shipped boundary today refuses it on the forbidden substring "job-application"; the allowlist does not admit it either way. RETURNED TO GAP 2026-09-23 BY LANE R (2026-09-23-exclusion-returns.md s4), on the orchestrator's delegated call, not a new ruling: awaiting admission by name under ONE-NAMED-SETTINGS-PAGE-AT-A-TIME, which names none of these yet; the view half is a pure read, the delete half stays refused by delete_or_withdraw_anything.
P	N9	R	REFUSED	https://www.linkedin.com/psettings/sessions	NAMED	census-prose	_audit/_census/profile.md row N9	False	FORBIDDEN[/psettings/]+NO-PATTERN	n/a	-	Address named in the row's own cell. /psettings/ is on the forbidden-substring list added to close exactly this legacy settings path, and fires before the allowlist, which does not admit it either. RETURNED TO GAP 2026-09-23 BY LANE R (2026-09-23-exclusion-returns.md s4), on the orchestrator's delegated call, not a new ruling: a pure read (the active-sessions list -- location, IP, device, browser, last sign-in).
P	N13	R	REFUSED	https://www.linkedin.com/checkpoint/	NAMED	census-prose	_audit/_census/profile.md row N13	False	NO-PATTERN	n/a	-	Address named in the row's own cell: the sign-in challenge renders at /checkpoint/, refused by allowlist silence alone; no forbidden substring fires on it. config.AUTHWALL_MARKERS turns a landing there into a reported failure, and writes.PERMANENTLY_FORBIDDEN already carries any_anti_detection_technique for ANSWERING a challenge; reading which challenge appeared is a diagnostic read and the stop is correct. RETURNED TO GAP 2026-09-23 BY LANE R (2026-09-23-exclusion-returns.md s3.5), on the orchestrator's delegated call, not a new ruling.
P	N22	R	NEEDS-SESSION	-	-	census-prose	_audit/_census/profile.md row N22	-	-	n/a	-	Unknown: which settings address carries subscriptions and payments. The row's cell only says the settings family is closed until the operator names one page; no committed source spells this one's address.
P	O22	R	NEEDS-SESSION	-	-	census-prose	_audit/_census/profile.md row O22	-	-	n/a	-	Unknown: which settings address lists who he has blocked. The row's cell only says the settings family is closed until the operator names one page; no committed source spells this one's address.
